vendor,product,version
webkitgtk,webkitgtk,1.10.0
webkitgtk,webkitgtk,1.10.1
webkitgtk,webkitgtk,1.11.1
webkitgtk,webkitgtk,1.11.2
webkitgtk,webkitgtk,1.11.4
webkitgtk,webkitgtk,1.11.5
webkitgtk,webkitgtk,1.11.90
webkitgtk,webkitgtk,1.11.91
webkitgtk,webkitgtk,1.11.92
webkitgtk,webkitgtk,2.0.0
webkitgtk,webkitgtk,2.0.1
webkitgtk,webkitgtk,2.0.2
webkitgtk,webkitgtk,2.0.3
webkitgtk,webkitgtk,2.0.4
webkitgtk,webkitgtk,2.1.1
webkitgtk,webkitgtk,2.1.2
webkitgtk,webkitgtk,2.1.3
webkitgtk,webkitgtk,2.1.4
webkitgtk,webkitgtk,2.1.90
webkitgtk,webkitgtk,2.1.91
webkitgtk,webkitgtk,2.1.92a
webkitgtk,webkitgtk,2.2.0a
webkitgtk,webkitgtk,2.2.1a
webkitgtk,webkitgtk,2.2.2a
webkitgtk,webkitgtk,2.2.3a
webkitgtk,webkitgtk,2.2.4a
webkitgtk,webkitgtk,2.2.5a
webkitgtk,webkitgtk,2.2.6a
webkitgtk,webkitgtk,2.2.7a
webkitgtk,webkitgtk,2.2.8
webkitgtk,webkitgtk,2.3.1a
webkitgtk,webkitgtk,2.3.2a
webkitgtk,webkitgtk,2.3.3a
webkitgtk,webkitgtk,2.3.4a
webkitgtk,webkitgtk,2.3.5a
webkitgtk,webkitgtk,2.3.90a
webkitgtk,webkitgtk,2.3.91a
webkitgtk,webkitgtk,2.3.92a
webkitgtk,webkitgtk,2.4.0a
webkitgtk,webkitgtk,2.4.1a
webkitgtk,webkitgtk,2.4.2a
webkitgtk,webkitgtk,2.4.3a
webkitgtk,webkitgtk,2.4.4a
webkitgtk,webkitgtk,2.4.5a
webkitgtk,webkitgtk,2.4.6
webkitgtk,webkitgtk,2.4.7
webkitgtk,webkitgtk,2.4.8
webkitgtk,webkitgtk,2.4.9
webkitgtk,webkitgtk,2.4.10
webkitgtk,webkitgtk,2.4.11
webkitgtk,webkitgtk,2.5.1a
webkitgtk,webkitgtk,2.5.2a
webkitgtk,webkitgtk,2.5.3a
webkitgtk,webkitgtk,2.5.90
webkitgtk,webkitgtk,2.6.0
webkitgtk,webkitgtk,2.6.1
webkitgtk,webkitgtk,2.6.2
webkitgtk,webkitgtk,2.6.3
webkitgtk,webkitgtk,2.6.4
webkitgtk,webkitgtk,2.6.5
webkitgtk,webkitgtk,2.6.6
webkitgtk,webkitgtk,2.7.1
webkitgtk,webkitgtk,2.7.2
webkitgtk,webkitgtk,2.7.3
webkitgtk,webkitgtk,2.7.4
webkitgtk,webkitgtk,2.7.90
webkitgtk,webkitgtk,2.7.91
webkitgtk,webkitgtk,2.7.92
webkitgtk,webkitgtk,2.8.0
webkitgtk,webkitgtk,2.8.1
webkitgtk,webkitgtk,2.8.2
webkitgtk,webkitgtk,2.8.3
webkitgtk,webkitgtk,2.8.4
webkitgtk,webkitgtk,2.8.5
webkitgtk,webkitgtk,2.9.1
webkitgtk,webkitgtk,2.9.2
webkitgtk,webkitgtk,2.9.3
webkitgtk,webkitgtk,2.9.4
webkitgtk,webkitgtk,2.9.5
webkitgtk,webkitgtk,2.9.90
webkitgtk,webkitgtk,2.9.91
webkitgtk,webkitgtk,2.9.92
webkitgtk,webkitgtk,2.10.0
webkitgtk,webkitgtk,2.10.1
webkitgtk,webkitgtk,2.10.2
webkitgtk,webkitgtk,2.10.3
webkitgtk,webkitgtk,2.10.4
webkitgtk,webkitgtk,2.10.5
webkitgtk,webkitgtk,2.10.6
webkitgtk,webkitgtk,2.10.7
webkitgtk,webkitgtk,2.10.8
webkitgtk,webkitgtk,2.10.9
webkitgtk,webkitgtk,2.11.1
webkitgtk,webkitgtk,2.11.2
webkitgtk,webkitgtk,2.11.3
webkitgtk,webkitgtk,2.11.4
webkitgtk,webkitgtk,2.11.5
webkitgtk,webkitgtk,2.11.90
webkitgtk,webkitgtk,2.11.91
webkitgtk,webkitgtk,2.11.92
webkitgtk,webkitgtk,2.12.0
webkitgtk,webkitgtk,2.12.1
webkitgtk,webkitgtk,2.12.2
webkitgtk,webkitgtk,2.12.3
webkitgtk,webkitgtk,2.12.4
webkitgtk,webkitgtk,2.12.5
webkitgtk,webkitgtk,2.13.1
webkitgtk,webkitgtk,2.13.2
webkitgtk,webkitgtk,2.13.3
webkitgtk,webkitgtk,2.13.4
webkitgtk,webkitgtk,2.13.90
webkitgtk,webkitgtk,2.13.91
webkitgtk,webkitgtk,2.13.92
webkitgtk,webkitgtk,2.14.0
webkitgtk,webkitgtk,2.14.1
webkitgtk,webkitgtk,2.14.2
webkitgtk,webkitgtk,2.14.3
webkitgtk,webkitgtk,2.14.4
webkitgtk,webkitgtk,2.14.5
webkitgtk,webkitgtk,2.14.6
webkitgtk,webkitgtk,2.14.7
webkitgtk,webkitgtk,2.15.1
webkitgtk,webkitgtk,2.15.2
webkitgtk,webkitgtk,2.15.3
webkitgtk,webkitgtk,2.15.4
webkitgtk,webkitgtk,2.15.90
webkitgtk,webkitgtk,2.15.91
webkitgtk,webkitgtk,2.15.92
webkitgtk,webkitgtk,2.16.0
webkitgtk,webkitgtk,2.16.1
webkitgtk,webkitgtk,2.16.2
tcmu-runner_project,tcmu-runner,1.0.5
tcmu-runner_project,tcmu-runner,1.1.0
tcmu-runner_project,tcmu-runner,1.1.1
tcmu-runner_project,tcmu-runner,1.1.2
tcmu-runner_project,tcmu-runner,1.1.3
tcmu-runner_project,tcmu-runner,1.2.0
linux,linux_kernel,4.13.3
xen,xen,4.5.0
xen,xen,4.5.1
xen,xen,4.5.2
xen,xen,4.5.3
xen,xen,4.5.5
xen,xen,4.6.0
xen,xen,4.6.1
xen,xen,4.6.3
xen,xen,4.6.4
xen,xen,4.6.5
xen,xen,4.6.6
xen,xen,4.7.0
xen,xen,4.7.1
xen,xen,4.7.2
xen,xen,4.7.3
xen,xen,4.8.0
xen,xen,4.8.1
xen,xen,4.9.0
flexense,sysgauge,3.6.18
apache,spamassassin,-
apache,spamassassin,3.0.1
apache,spamassassin,3.0.2
apache,spamassassin,3.0.3
apache,spamassassin,3.0.4
apache,spamassassin,3.1.0
apache,spamassassin,3.1.1
apache,spamassassin,3.1.2
apache,spamassassin,3.1.7
canonical,ubuntu_linux,12.04
canonical,ubuntu_linux,14.04
canonical,ubuntu_linux,16.04
canonical,ubuntu_linux,18.04
debian,debian_linux,8
redhat,enterprise_linux_desktop,7
redhat,enterprise_linux_eus,7.5
redhat,enterprise_linux_server,7
redhat,enterprise_linux_workstation,7
linux,linux_kernel,4.12.14
decamelize_project,decamelize,1.1.0
decamelize_project,decamelize,1.1.1
parsejson_project,parsejson,0.0.3
debian,debian_linux,8
debian,debian_linux,9
quagga,quagga,1.2.1
linux,linux_kernel,4.13.11
graphicsmagick,graphicsmagick,1.3.26
kmplayer,kmplayer,4.2.2.4
inedo,otter,1.7.4
huawei,ips_module_firmware,v500r001c00
huawei,ngfw_module_firmware,v500r001c00
huawei,nip6300_firmware,v500r001c00
huawei,nip6600_firmware,v500r001c00
huawei,s12700_firmware,v200r007c00
huawei,s12700_firmware,v200r007c01
huawei,s12700_firmware,v200r008c00
huawei,s12700_firmware,v200r009c00
huawei,s12700_firmware,v200r010c00
huawei,s1700_firmware,v200r006c10
huawei,s1700_firmware,v200r009c00
huawei,s1700_firmware,v200r010c00
huawei,s2700_firmware,v200r006c10
huawei,s2700_firmware,v200r007c00
huawei,s2700_firmware,v200r008c00
huawei,s2700_firmware,v200r009c00
huawei,s2700_firmware,v200r010c00
huawei,s5700_firmware,v200r006c00
huawei,s5700_firmware,v200r007c00
huawei,s5700_firmware,v200r008c00
huawei,s5700_firmware,v200r009c00
huawei,s5700_firmware,v200r010c00
huawei,s6700_firmware,v200r008c00
huawei,s6700_firmware,v200r009c00
huawei,s6700_firmware,v200r010c00
huawei,s7700_firmware,v200r007c00
huawei,s7700_firmware,v200r008c00
huawei,s7700_firmware,v200r009c00
huawei,s7700_firmware,v200r010c00
huawei,s9700_firmware,v200r007c00
huawei,s9700_firmware,v200r007c01
huawei,s9700_firmware,v200r008c00
huawei,s9700_firmware,v200r009c00
huawei,s9700_firmware,v200r010c00
huawei,secospace_usg6300_firmware,v500r001c00
huawei,secospace_usg6300_firmware,v500r001c30
huawei,secospace_usg6500_firmware,v500r001c00
huawei,secospace_usg6500_firmware,v500r001c30
huawei,secospace_usg6600_firmware,v500r001c00
huawei,secospace_usg6600_firmware,v500r001c30s
huawei,te60_firmware,v100r001c02
huawei,te60_firmware,v100r001c10
huawei,te60_firmware,v500r002c00
huawei,te60_firmware,v600r006c00
huawei,tp3106_firmware,v100r002c00
huawei,tp3206_firmware,v100r002c00
huawei,tp3206_firmware,v100r002c10
huawei,usg9500_firmware,v500r001c00
huawei,usg9500_firmware,v500r001c30
huawei,viewpoint_9030_firmware,v100r011c02
huawei,viewpoint_9030_firmware,v100r011c03
huawei,mate_8_firmware,nxt-al10c00b197
huawei,mate_8_firmware,nxt-cl10c00b197
huawei,mate_8_firmware,nxt-dl10c00b197
huawei,mate_8_firmware,nxt-tl10c00b197
huawei,p9_firmware,eva-l09c432b383
huawei,p9_firmware,eva-l09c636b380
huawei,p9_firmware,eva-l09c636b388
huawei,ar3200_firmware,v200r007c00
huawei,te60_firmware,v100r001c01
huawei,te60_firmware,v100r001c10
huawei,te60_firmware,v500r002c00
huawei,te60_firmware,v600r006c00
huawei,tp3106_firmware,v100r002c00
huawei,tp3206_firmware,v100r002c00
huawei,tp3206_firmware,v100r002c10
huawei,ar3200_firmware,v200r007c00
mikrotik,routerboard,6.39.2
mikrotik,routerboard,6.40.5
xen,xen,4.9.1
ikarussecurity,anti.virus,2.16.20
ikarussecurity,anti.virus,2.16.20
tgsoft,vir.it_explorer,8.5.65
tgsoft,vir.it_explorer,8.5.65
tgsoft,vir.it_explorer,8.5.65
tgsoft,vir.it_explorer,8.5.65
tgsoft,vir.it_explorer,8.5.65
ikarussecurity,anti.virus,2.16.20
debian,debian_linux,9
linux,linux_kernel,-
linux,linux_kernel,1.2.0
linux,linux_kernel,1.3.0
linux,linux_kernel,2.0.0
linux,linux_kernel,2.0.1
linux,linux_kernel,2.0.2
linux,linux_kernel,2.0.3
linux,linux_kernel,2.0.4
linux,linux_kernel,2.0.5
linux,linux_kernel,2.0.6
linux,linux_kernel,2.0.7
linux,linux_kernel,2.0.8
linux,linux_kernel,2.0.9
linux,linux_kernel,2.0.10
linux,linux_kernel,2.0.11
linux,linux_kernel,2.0.12
linux,linux_kernel,2.0.13
linux,linux_kernel,2.0.14
linux,linux_kernel,2.0.15
linux,linux_kernel,2.0.16
linux,linux_kernel,2.0.17
linux,linux_kernel,2.0.18
linux,linux_kernel,2.0.19
linux,linux_kernel,2.0.20
linux,linux_kernel,2.0.21
linux,linux_kernel,2.0.22
linux,linux_kernel,2.0.23
linux,linux_kernel,2.0.24
linux,linux_kernel,2.0.25
linux,linux_kernel,2.0.26
linux,linux_kernel,2.0.27
linux,linux_kernel,2.0.28
linux,linux_kernel,2.0.29
linux,linux_kernel,2.0.30
linux,linux_kernel,2.0.31
linux,linux_kernel,2.0.32
linux,linux_kernel,2.0.33
linux,linux_kernel,2.0.34
linux,linux_kernel,2.0.35
linux,linux_kernel,2.0.36
linux,linux_kernel,2.0.37
linux,linux_kernel,2.0.38
linux,linux_kernel,2.0.39
linux,linux_kernel,2.1.0
linux,linux_kernel,2.1.1
linux,linux_kernel,2.1.2
linux,linux_kernel,2.1.3
linux,linux_kernel,2.1.4
linux,linux_kernel,2.1.5
linux,linux_kernel,2.1.6
linux,linux_kernel,2.1.7
linux,linux_kernel,2.1.8
linux,linux_kernel,2.1.9
linux,linux_kernel,2.1.10
linux,linux_kernel,2.1.11
linux,linux_kernel,2.1.12
linux,linux_kernel,2.1.13
linux,linux_kernel,2.1.14
linux,linux_kernel,2.1.15
linux,linux_kernel,2.1.16
linux,linux_kernel,2.1.17
linux,linux_kernel,2.1.18
linux,linux_kernel,2.1.19
linux,linux_kernel,2.1.20
linux,linux_kernel,2.1.21
linux,linux_kernel,2.1.22
linux,linux_kernel,2.1.23
linux,linux_kernel,2.1.24
linux,linux_kernel,2.1.25
linux,linux_kernel,2.1.26
linux,linux_kernel,2.1.27
linux,linux_kernel,2.1.28
linux,linux_kernel,2.1.29
linux,linux_kernel,2.1.30
linux,linux_kernel,2.1.31
linux,linux_kernel,2.1.32
linux,linux_kernel,2.1.33
linux,linux_kernel,2.1.34
linux,linux_kernel,2.1.35
linux,linux_kernel,2.1.36
linux,linux_kernel,2.1.37
linux,linux_kernel,2.1.38
linux,linux_kernel,2.1.39
linux,linux_kernel,2.1.40
linux,linux_kernel,2.1.41
linux,linux_kernel,2.1.42
linux,linux_kernel,2.1.43
linux,linux_kernel,2.1.44
linux,linux_kernel,2.1.45
linux,linux_kernel,2.1.46
linux,linux_kernel,2.1.47
linux,linux_kernel,2.1.48
linux,linux_kernel,2.1.49
linux,linux_kernel,2.1.50
linux,linux_kernel,2.1.51
linux,linux_kernel,2.1.52
linux,linux_kernel,2.1.53
linux,linux_kernel,2.1.54
linux,linux_kernel,2.1.55
linux,linux_kernel,2.1.56
linux,linux_kernel,2.1.57
linux,linux_kernel,2.1.58
linux,linux_kernel,2.1.59
linux,linux_kernel,2.1.60
linux,linux_kernel,2.1.61
linux,linux_kernel,2.1.62
linux,linux_kernel,2.1.63
linux,linux_kernel,2.1.64
linux,linux_kernel,2.1.65
linux,linux_kernel,2.1.66
linux,linux_kernel,2.1.67
linux,linux_kernel,2.1.68
linux,linux_kernel,2.1.69
linux,linux_kernel,2.1.70
linux,linux_kernel,2.1.71
linux,linux_kernel,2.1.72
linux,linux_kernel,2.1.73
linux,linux_kernel,2.1.74
linux,linux_kernel,2.1.75
linux,linux_kernel,2.1.76
linux,linux_kernel,2.1.77
linux,linux_kernel,2.1.78
linux,linux_kernel,2.1.79
linux,linux_kernel,2.1.80
linux,linux_kernel,2.1.81
linux,linux_kernel,2.1.82
linux,linux_kernel,2.1.83
linux,linux_kernel,2.1.84
linux,linux_kernel,2.1.85
linux,linux_kernel,2.1.86
linux,linux_kernel,2.1.87
linux,linux_kernel,2.1.88
linux,linux_kernel,2.1.89
linux,linux_kernel,2.1.90
linux,linux_kernel,2.1.91
linux,linux_kernel,2.1.92
linux,linux_kernel,2.1.93
linux,linux_kernel,2.1.94
linux,linux_kernel,2.1.95
linux,linux_kernel,2.1.96
linux,linux_kernel,2.1.97
linux,linux_kernel,2.1.98
linux,linux_kernel,2.1.99
linux,linux_kernel,2.1.100
linux,linux_kernel,2.1.101
linux,linux_kernel,2.1.102
linux,linux_kernel,2.1.103
linux,linux_kernel,2.1.104
linux,linux_kernel,2.1.105
linux,linux_kernel,2.1.106
linux,linux_kernel,2.1.107
linux,linux_kernel,2.1.108
linux,linux_kernel,2.1.109
linux,linux_kernel,2.1.110
linux,linux_kernel,2.1.111
linux,linux_kernel,2.1.112
linux,linux_kernel,2.1.113
linux,linux_kernel,2.1.114
linux,linux_kernel,2.1.115
linux,linux_kernel,2.1.116
linux,linux_kernel,2.1.117
linux,linux_kernel,2.1.118
linux,linux_kernel,2.1.119
linux,linux_kernel,2.1.120
linux,linux_kernel,2.1.121
linux,linux_kernel,2.1.122
linux,linux_kernel,2.1.123
linux,linux_kernel,2.1.124
linux,linux_kernel,2.1.125
linux,linux_kernel,2.1.126
linux,linux_kernel,2.1.127
linux,linux_kernel,2.1.128
linux,linux_kernel,2.1.129
linux,linux_kernel,2.1.130
linux,linux_kernel,2.1.131
linux,linux_kernel,2.1.132
linux,linux_kernel,2.2.0
linux,linux_kernel,2.2.1
linux,linux_kernel,2.2.2
linux,linux_kernel,2.2.3
linux,linux_kernel,2.2.4
linux,linux_kernel,2.2.4
linux,linux_kernel,2.2.5
linux,linux_kernel,2.2.6
linux,linux_kernel,2.2.7
linux,linux_kernel,2.2.8
linux,linux_kernel,2.2.9
linux,linux_kernel,2.2.10
linux,linux_kernel,2.2.11
linux,linux_kernel,2.2.12
linux,linux_kernel,2.2.13
linux,linux_kernel,2.2.13
linux,linux_kernel,2.2.14
linux,linux_kernel,2.2.15
linux,linux_kernel,2.2.15
linux,linux_kernel,2.2.16
linux,linux_kernel,2.2.16
linux,linux_kernel,2.2.16
linux,linux_kernel,2.2.17
linux,linux_kernel,2.2.17
linux,linux_kernel,2.2.18
linux,linux_kernel,2.2.19
linux,linux_kernel,2.2.20
linux,linux_kernel,2.2.21
linux,linux_kernel,2.2.21
linux,linux_kernel,2.2.21
linux,linux_kernel,2.2.21
linux,linux_kernel,2.2.21
linux,linux_kernel,2.2.21
linux,linux_kernel,2.2.21
linux,linux_kernel,2.2.21
linux,linux_kernel,2.2.21
linux,linux_kernel,2.2.22
linux,linux_kernel,2.2.22
linux,linux_kernel,2.2.22
linux,linux_kernel,2.2.22
linux,linux_kernel,2.2.23
linux,linux_kernel,2.2.23
linux,linux_kernel,2.2.23
linux,linux_kernel,2.2.24
linux,linux_kernel,2.2.24
linux,linux_kernel,2.2.24
linux,linux_kernel,2.2.24
linux,linux_kernel,2.2.24
linux,linux_kernel,2.2.25
linux,linux_kernel,2.2.26
linux,linux_kernel,2.2.27
linux,linux_kernel,2.2.27
linux,linux_kernel,2.2.27
linux,linux_kernel,2.2.27
linux,linux_kernel,2.3.0
linux,linux_kernel,2.3.1
linux,linux_kernel,2.3.2
linux,linux_kernel,2.3.3
linux,linux_kernel,2.3.4
linux,linux_kernel,2.3.5
linux,linux_kernel,2.3.6
linux,linux_kernel,2.3.7
linux,linux_kernel,2.3.8
linux,linux_kernel,2.3.9
linux,linux_kernel,2.3.10
linux,linux_kernel,2.3.11
linux,linux_kernel,2.3.12
linux,linux_kernel,2.3.13
linux,linux_kernel,2.3.14
linux,linux_kernel,2.3.15
linux,linux_kernel,2.3.16
linux,linux_kernel,2.3.17
linux,linux_kernel,2.3.18
linux,linux_kernel,2.3.19
linux,linux_kernel,2.3.20
linux,linux_kernel,2.3.21
linux,linux_kernel,2.3.22
linux,linux_kernel,2.3.23
linux,linux_kernel,2.3.24
linux,linux_kernel,2.3.25
linux,linux_kernel,2.3.26
linux,linux_kernel,2.3.27
linux,linux_kernel,2.3.28
linux,linux_kernel,2.3.29
linux,linux_kernel,2.3.30
linux,linux_kernel,2.3.31
linux,linux_kernel,2.3.32
linux,linux_kernel,2.3.33
linux,linux_kernel,2.3.34
linux,linux_kernel,2.3.35
linux,linux_kernel,2.3.36
linux,linux_kernel,2.3.37
linux,linux_kernel,2.3.38
linux,linux_kernel,2.3.39
linux,linux_kernel,2.3.40
linux,linux_kernel,2.3.41
linux,linux_kernel,2.3.42
linux,linux_kernel,2.3.43
linux,linux_kernel,2.3.44
linux,linux_kernel,2.3.45
linux,linux_kernel,2.3.46
linux,linux_kernel,2.3.47
linux,linux_kernel,2.3.48
linux,linux_kernel,2.3.49
linux,linux_kernel,2.3.50
linux,linux_kernel,2.3.51
linux,linux_kernel,2.3.99
linux,linux_kernel,2.3.99
linux,linux_kernel,2.3.99
linux,linux_kernel,2.3.99
linux,linux_kernel,2.3.99
linux,linux_kernel,2.3.99
linux,linux_kernel,2.3.99
linux,linux_kernel,2.3.99
linux,linux_kernel,2.3.99
linux,linux_kernel,2.3.99
linux,linux_kernel,2.4.0
linux,linux_kernel,2.4.0
linux,linux_kernel,2.4.0
linux,linux_kernel,2.4.0
linux,linux_kernel,2.4.0
linux,linux_kernel,2.4.0
linux,linux_kernel,2.4.0
linux,linux_kernel,2.4.0
linux,linux_kernel,2.4.0
linux,linux_kernel,2.4.0
linux,linux_kernel,2.4.0
linux,linux_kernel,2.4.0
linux,linux_kernel,2.4.0
linux,linux_kernel,2.4.1
linux,linux_kernel,2.4.2
linux,linux_kernel,2.4.3
linux,linux_kernel,2.4.3
linux,linux_kernel,2.4.4
linux,linux_kernel,2.4.5
linux,linux_kernel,2.4.6
linux,linux_kernel,2.4.7
linux,linux_kernel,2.4.8
linux,linux_kernel,2.4.9
linux,linux_kernel,2.4.10
linux,linux_kernel,2.4.11
linux,linux_kernel,2.4.11
linux,linux_kernel,2.4.12
linux,linux_kernel,2.4.13
linux,linux_kernel,2.4.14
linux,linux_kernel,2.4.15
linux,linux_kernel,2.4.16
linux,linux_kernel,2.4.17
linux,linux_kernel,2.4.18
linux,linux_kernel,2.4.18
linux,linux_kernel,2.4.18
linux,linux_kernel,2.4.18
linux,linux_kernel,2.4.18
linux,linux_kernel,2.4.18
linux,linux_kernel,2.4.18
linux,linux_kernel,2.4.18
linux,linux_kernel,2.4.18
linux,linux_kernel,2.4.18
linux,linux_kernel,2.4.19
linux,linux_kernel,2.4.19
linux,linux_kernel,2.4.19
linux,linux_kernel,2.4.19
linux,linux_kernel,2.4.19
linux,linux_kernel,2.4.19
linux,linux_kernel,2.4.19
linux,linux_kernel,2.4.20
linux,linux_kernel,2.4.21
linux,linux_kernel,2.4.21
linux,linux_kernel,2.4.21
linux,linux_kernel,2.4.21
linux,linux_kernel,2.4.22
linux,linux_kernel,2.4.22
linux,linux_kernel,2.4.23
linux,linux_kernel,2.4.23
linux,linux_kernel,2.4.24
linux,linux_kernel,2.4.25
linux,linux_kernel,2.4.26
linux,linux_kernel,2.4.27
linux,linux_kernel,2.4.27
linux,linux_kernel,2.4.27
linux,linux_kernel,2.4.27
linux,linux_kernel,2.4.27
linux,linux_kernel,2.4.27
linux,linux_kernel,2.4.28
linux,linux_kernel,2.4.29
linux,linux_kernel,2.4.29
linux,linux_kernel,2.4.29
linux,linux_kernel,2.4.30
linux,linux_kernel,2.4.30
linux,linux_kernel,2.4.30
linux,linux_kernel,2.4.31
linux,linux_kernel,2.4.31
linux,linux_kernel,2.4.32
linux,linux_kernel,2.4.32
linux,linux_kernel,2.4.32
linux,linux_kernel,2.4.33
linux,linux_kernel,2.4.33
linux,linux_kernel,2.4.33.1
linux,linux_kernel,2.4.33.2
linux,linux_kernel,2.4.33.3
linux,linux_kernel,2.4.33.4
linux,linux_kernel,2.4.33.5
linux,linux_kernel,2.4.34
linux,linux_kernel,2.4.34
linux,linux_kernel,2.4.34.1
linux,linux_kernel,2.4.34.2
linux,linux_kernel,2.4.35
linux,linux_kernel,2.4.35.2
linux,linux_kernel,2.5.0
linux,linux_kernel,2.5.1
linux,linux_kernel,2.5.2
linux,linux_kernel,2.5.3
linux,linux_kernel,2.5.4
linux,linux_kernel,2.5.5
linux,linux_kernel,2.5.6
linux,linux_kernel,2.5.7
linux,linux_kernel,2.5.8
linux,linux_kernel,2.5.9
linux,linux_kernel,2.5.10
linux,linux_kernel,2.5.11
linux,linux_kernel,2.5.12
linux,linux_kernel,2.5.13
linux,linux_kernel,2.5.14
linux,linux_kernel,2.5.15
linux,linux_kernel,2.5.16
linux,linux_kernel,2.5.17
linux,linux_kernel,2.5.18
linux,linux_kernel,2.5.19
linux,linux_kernel,2.5.20
linux,linux_kernel,2.5.21
linux,linux_kernel,2.5.22
linux,linux_kernel,2.5.23
linux,linux_kernel,2.5.24
linux,linux_kernel,2.5.25
linux,linux_kernel,2.5.26
linux,linux_kernel,2.5.27
linux,linux_kernel,2.5.28
linux,linux_kernel,2.5.29
linux,linux_kernel,2.5.30
linux,linux_kernel,2.5.31
linux,linux_kernel,2.5.32
linux,linux_kernel,2.5.33
linux,linux_kernel,2.5.34
linux,linux_kernel,2.5.35
linux,linux_kernel,2.5.36
linux,linux_kernel,2.5.37
linux,linux_kernel,2.5.38
linux,linux_kernel,2.5.39
linux,linux_kernel,2.5.40
linux,linux_kernel,2.5.41
linux,linux_kernel,2.5.42
linux,linux_kernel,2.5.43
linux,linux_kernel,2.5.44
linux,linux_kernel,2.5.45
linux,linux_kernel,2.5.46
linux,linux_kernel,2.5.47
linux,linux_kernel,2.5.48
linux,linux_kernel,2.5.49
linux,linux_kernel,2.5.50
linux,linux_kernel,2.5.51
linux,linux_kernel,2.5.52
linux,linux_kernel,2.5.53
linux,linux_kernel,2.5.54
linux,linux_kernel,2.5.55
linux,linux_kernel,2.5.56
linux,linux_kernel,2.5.57
linux,linux_kernel,2.5.58
linux,linux_kernel,2.5.59
linux,linux_kernel,2.5.60
linux,linux_kernel,2.5.61
linux,linux_kernel,2.5.62
linux,linux_kernel,2.5.63
linux,linux_kernel,2.5.64
linux,linux_kernel,2.5.65
linux,linux_kernel,2.5.66
linux,linux_kernel,2.5.67
linux,linux_kernel,2.5.68
linux,linux_kernel,2.5.69
linux,linux_kernel,2.5.75
linux,linux_kernel,2.6.0
linux,linux_kernel,2.6.0
linux,linux_kernel,2.6.0
linux,linux_kernel,2.6.0
linux,linux_kernel,2.6.0
linux,linux_kernel,2.6.0
linux,linux_kernel,2.6.0
linux,linux_kernel,2.6.0
linux,linux_kernel,2.6.0
linux,linux_kernel,2.6.0
linux,linux_kernel,2.6.0
linux,linux_kernel,2.6.0
linux,linux_kernel,2.6.1
linux,linux_kernel,2.6.1
linux,linux_kernel,2.6.1
linux,linux_kernel,2.6.1
linux,linux_kernel,2.6.2
linux,linux_kernel,2.6.2
linux,linux_kernel,2.6.2
linux,linux_kernel,2.6.2
linux,linux_kernel,2.6.3
linux,linux_kernel,2.6.3
linux,linux_kernel,2.6.3
linux,linux_kernel,2.6.3
linux,linux_kernel,2.6.3
linux,linux_kernel,2.6.4
linux,linux_kernel,2.6.4
linux,linux_kernel,2.6.4
linux,linux_kernel,2.6.4
linux,linux_kernel,2.6.5
linux,linux_kernel,2.6.5
linux,linux_kernel,2.6.5
linux,linux_kernel,2.6.5
linux,linux_kernel,2.6.6
linux,linux_kernel,2.6.6
linux,linux_kernel,2.6.6
linux,linux_kernel,2.6.6
linux,linux_kernel,2.6.7
linux,linux_kernel,2.6.7
linux,linux_kernel,2.6.7
linux,linux_kernel,2.6.7
linux,linux_kernel,2.6.8
linux,linux_kernel,2.6.8
linux,linux_kernel,2.6.8
linux,linux_kernel,2.6.8
linux,linux_kernel,2.6.8
linux,linux_kernel,2.6.8.1
linux,linux_kernel,2.6.9
linux,linux_kernel,2.6.9
linux,linux_kernel,2.6.9
linux,linux_kernel,2.6.9
linux,linux_kernel,2.6.9
linux,linux_kernel,2.6.9
linux,linux_kernel,2.6.10
linux,linux_kernel,2.6.10
linux,linux_kernel,2.6.10
linux,linux_kernel,2.6.10
linux,linux_kernel,2.6.11
linux,linux_kernel,2.6.11
linux,linux_kernel,2.6.11
linux,linux_kernel,2.6.11
linux,linux_kernel,2.6.11
linux,linux_kernel,2.6.11
linux,linux_kernel,2.6.11.1
linux,linux_kernel,2.6.11.2
linux,linux_kernel,2.6.11.3
linux,linux_kernel,2.6.11.4
linux,linux_kernel,2.6.11.5
linux,linux_kernel,2.6.11.6
linux,linux_kernel,2.6.11.7
linux,linux_kernel,2.6.11.8
linux,linux_kernel,2.6.11.9
linux,linux_kernel,2.6.11.10
linux,linux_kernel,2.6.11.11
linux,linux_kernel,2.6.11.12
linux,linux_kernel,2.6.12
linux,linux_kernel,2.6.12
linux,linux_kernel,2.6.12
linux,linux_kernel,2.6.12
linux,linux_kernel,2.6.12
linux,linux_kernel,2.6.12
linux,linux_kernel,2.6.12
linux,linux_kernel,2.6.12.1
linux,linux_kernel,2.6.12.2
linux,linux_kernel,2.6.12.3
linux,linux_kernel,2.6.12.4
linux,linux_kernel,2.6.12.5
linux,linux_kernel,2.6.12.6
linux,linux_kernel,2.6.13
linux,linux_kernel,2.6.13
linux,linux_kernel,2.6.13
linux,linux_kernel,2.6.13
linux,linux_kernel,2.6.13
linux,linux_kernel,2.6.13
linux,linux_kernel,2.6.13
linux,linux_kernel,2.6.13
linux,linux_kernel,2.6.13.1
linux,linux_kernel,2.6.13.2
linux,linux_kernel,2.6.13.3
linux,linux_kernel,2.6.13.4
linux,linux_kernel,2.6.13.5
linux,linux_kernel,2.6.14
linux,linux_kernel,2.6.14
linux,linux_kernel,2.6.14
linux,linux_kernel,2.6.14
linux,linux_kernel,2.6.14
linux,linux_kernel,2.6.14
linux,linux_kernel,2.6.14.1
linux,linux_kernel,2.6.14.2
linux,linux_kernel,2.6.14.3
linux,linux_kernel,2.6.14.4
linux,linux_kernel,2.6.14.5
linux,linux_kernel,2.6.14.6
linux,linux_kernel,2.6.14.7
linux,linux_kernel,2.6.15
linux,linux_kernel,2.6.15
linux,linux_kernel,2.6.15
linux,linux_kernel,2.6.15
linux,linux_kernel,2.6.15
linux,linux_kernel,2.6.15
linux,linux_kernel,2.6.15
linux,linux_kernel,2.6.15
linux,linux_kernel,2.6.15.1
linux,linux_kernel,2.6.15.2
linux,linux_kernel,2.6.15.3
linux,linux_kernel,2.6.15.4
linux,linux_kernel,2.6.15.5
linux,linux_kernel,2.6.15.6
linux,linux_kernel,2.6.15.7
linux,linux_kernel,2.6.15.8
linux,linux_kernel,2.6.15.9
linux,linux_kernel,2.6.15.10
linux,linux_kernel,2.6.15.11
linux,linux_kernel,2.6.16
linux,linux_kernel,2.6.16
linux,linux_kernel,2.6.16
linux,linux_kernel,2.6.16
linux,linux_kernel,2.6.16
linux,linux_kernel,2.6.16
linux,linux_kernel,2.6.16
linux,linux_kernel,2.6.16
linux,linux_kernel,2.6.16.1
linux,linux_kernel,2.6.16.2
linux,linux_kernel,2.6.16.3
linux,linux_kernel,2.6.16.4
linux,linux_kernel,2.6.16.5
linux,linux_kernel,2.6.16.6
linux,linux_kernel,2.6.16.7
linux,linux_kernel,2.6.16.8
linux,linux_kernel,2.6.16.9
linux,linux_kernel,2.6.16.10
linux,linux_kernel,2.6.16.11
linux,linux_kernel,2.6.16.12
linux,linux_kernel,2.6.16.13
linux,linux_kernel,2.6.16.14
linux,linux_kernel,2.6.16.15
linux,linux_kernel,2.6.16.16
linux,linux_kernel,2.6.16.17
linux,linux_kernel,2.6.16.18
linux,linux_kernel,2.6.16.19
linux,linux_kernel,2.6.16.20
linux,linux_kernel,2.6.16.21
linux,linux_kernel,2.6.16.22
linux,linux_kernel,2.6.16.23
linux,linux_kernel,2.6.16.24
linux,linux_kernel,2.6.16.25
linux,linux_kernel,2.6.16.26
linux,linux_kernel,2.6.16.27
linux,linux_kernel,2.6.16.28
linux,linux_kernel,2.6.16.29
linux,linux_kernel,2.6.16.30
linux,linux_kernel,2.6.16.31
linux,linux_kernel,2.6.16.32
linux,linux_kernel,2.6.16.33
linux,linux_kernel,2.6.16.34
linux,linux_kernel,2.6.16.35
linux,linux_kernel,2.6.16.36
linux,linux_kernel,2.6.16.37
linux,linux_kernel,2.6.16.38
linux,linux_kernel,2.6.16.39
linux,linux_kernel,2.6.16.40
linux,linux_kernel,2.6.16.41
linux,linux_kernel,2.6.16.42
linux,linux_kernel,2.6.16.43
linux,linux_kernel,2.6.16.44
linux,linux_kernel,2.6.16.45
linux,linux_kernel,2.6.16.46
linux,linux_kernel,2.6.16.47
linux,linux_kernel,2.6.16.48
linux,linux_kernel,2.6.16.49
linux,linux_kernel,2.6.16.50
linux,linux_kernel,2.6.16.51
linux,linux_kernel,2.6.16.52
linux,linux_kernel,2.6.16.53
linux,linux_kernel,2.6.16.54
linux,linux_kernel,2.6.16.55
linux,linux_kernel,2.6.16.56
linux,linux_kernel,2.6.16.57
linux,linux_kernel,2.6.16.58
linux,linux_kernel,2.6.16.59
linux,linux_kernel,2.6.16.60
linux,linux_kernel,2.6.16.61
linux,linux_kernel,2.6.16.62
linux,linux_kernel,2.6.17
linux,linux_kernel,2.6.17
linux,linux_kernel,2.6.17
linux,linux_kernel,2.6.17
linux,linux_kernel,2.6.17
linux,linux_kernel,2.6.17
linux,linux_kernel,2.6.17
linux,linux_kernel,2.6.17.1
linux,linux_kernel,2.6.17.2
linux,linux_kernel,2.6.17.3
linux,linux_kernel,2.6.17.4
linux,linux_kernel,2.6.17.5
linux,linux_kernel,2.6.17.6
linux,linux_kernel,2.6.17.7
linux,linux_kernel,2.6.17.8
linux,linux_kernel,2.6.17.9
linux,linux_kernel,2.6.17.10
linux,linux_kernel,2.6.17.11
linux,linux_kernel,2.6.17.12
linux,linux_kernel,2.6.17.13
linux,linux_kernel,2.6.17.14
linux,linux_kernel,2.6.18
linux,linux_kernel,2.6.18
linux,linux_kernel,2.6.18
linux,linux_kernel,2.6.18
linux,linux_kernel,2.6.18
linux,linux_kernel,2.6.18
linux,linux_kernel,2.6.18
linux,linux_kernel,2.6.18
linux,linux_kernel,2.6.18.1
linux,linux_kernel,2.6.18.2
linux,linux_kernel,2.6.18.3
linux,linux_kernel,2.6.18.4
linux,linux_kernel,2.6.18.5
linux,linux_kernel,2.6.18.6
linux,linux_kernel,2.6.18.7
linux,linux_kernel,2.6.18.8
linux,linux_kernel,2.6.19
linux,linux_kernel,2.6.19
linux,linux_kernel,2.6.19
linux,linux_kernel,2.6.19
nasm,netwide_assembler,2.14
debian,debian_linux,8
debian,debian_linux,9
enigmail,enigmail,1.7
enigmail,enigmail,1.7.2
debian,debian_linux,9
linux,linux_kernel,4.14.8
ksosoft,wps_office,10.1.0.6930
linux,linux_kernel,4.13
linux,linux_kernel,3
linux,linux_kernel,3.5
linux,linux_kernel,3.8
linux,linux_kernel,3.9
linux,linux_kernel,3.16
linux,linux_kernel,3.17
linux,linux_kernel,3.18
linux,linux_kernel,4
linux,linux_kernel,4.0.1
linux,linux_kernel,4.1
linux,linux_kernel,4.1.1
linux,linux_kernel,4.1.24
linux,linux_kernel,4.1.25
linux,linux_kernel,4.1.26
linux,linux_kernel,4.1.27
linux,linux_kernel,4.1.28
linux,linux_kernel,4.1.29
linux,linux_kernel,4.1.30
linux,linux_kernel,4.1.31
linux,linux_kernel,4.1.32
linux,linux_kernel,4.1.34
linux,linux_kernel,4.1.35
linux,linux_kernel,4.1.36
linux,linux_kernel,4.1.37
linux,linux_kernel,4.1.38
linux,linux_kernel,4.1.39
linux,linux_kernel,4.1.40
linux,linux_kernel,4.1.41
linux,linux_kernel,4.1.42
linux,linux_kernel,4.1.43
linux,linux_kernel,4.1.44
linux,linux_kernel,4.1.45
linux,linux_kernel,4.1.46
linux,linux_kernel,4.1.47
linux,linux_kernel,4.1.48
linux,linux_kernel,4.1.49
linux,linux_kernel,4.1.50
linux,linux_kernel,4.1.51
linux,linux_kernel,4.2
linux,linux_kernel,4.3
linux,linux_kernel,4.3.4
linux,linux_kernel,4.4
linux,linux_kernel,4.4.84
linux,linux_kernel,4.4.85
linux,linux_kernel,4.4.86
linux,linux_kernel,4.4.87
linux,linux_kernel,4.4.88
linux,linux_kernel,4.4.89
linux,linux_kernel,4.4.90
linux,linux_kernel,4.4.91
linux,linux_kernel,4.4.92
linux,linux_kernel,4.4.93
linux,linux_kernel,4.4.94
linux,linux_kernel,4.4.95
linux,linux_kernel,4.4.96
linux,linux_kernel,4.4.97
linux,linux_kernel,4.4.98
linux,linux_kernel,4.4.99
linux,linux_kernel,4.4.100
linux,linux_kernel,4.4.101
linux,linux_kernel,4.4.102
linux,linux_kernel,4.4.103
linux,linux_kernel,4.4.104
linux,linux_kernel,4.4.105
linux,linux_kernel,4.4.106
linux,linux_kernel,4.4.107
linux,linux_kernel,4.4.108
linux,linux_kernel,4.4.109
linux,linux_kernel,4.4.110
linux,linux_kernel,4.4.111
linux,linux_kernel,4.4.112
linux,linux_kernel,4.4.113
linux,linux_kernel,4.4.114
linux,linux_kernel,4.4.115
linux,linux_kernel,4.4.116
linux,linux_kernel,4.4.117
linux,linux_kernel,4.4.118
linux,linux_kernel,4.4.119
linux,linux_kernel,4.4.120
linux,linux_kernel,4.4.121
linux,linux_kernel,4.4.122
linux,linux_kernel,4.4.123
linux,linux_kernel,4.4.124
linux,linux_kernel,4.4.125
linux,linux_kernel,4.4.126
linux,linux_kernel,4.4.127
linux,linux_kernel,4.4.128
linux,linux_kernel,4.5
linux,linux_kernel,4.5.6
linux,linux_kernel,4.7.1
linux,linux_kernel,4.7.2
linux,linux_kernel,4.7.5
linux,linux_kernel,4.7.7
linux,linux_kernel,4.7.8
linux,linux_kernel,4.7.10
linux,linux_kernel,4.9.45
linux,linux_kernel,4.9.46
linux,linux_kernel,4.9.47
linux,linux_kernel,4.9.48
linux,linux_kernel,4.9.49
linux,linux_kernel,4.9.50
linux,linux_kernel,4.9.51
linux,linux_kernel,4.9.52
linux,linux_kernel,4.9.53
linux,linux_kernel,4.9.54
linux,linux_kernel,4.9.55
linux,linux_kernel,4.9.56
linux,linux_kernel,4.9.57
linux,linux_kernel,4.9.58
linux,linux_kernel,4.9.59
linux,linux_kernel,4.9.60
linux,linux_kernel,4.9.61
linux,linux_kernel,4.9.62
linux,linux_kernel,4.9.63
linux,linux_kernel,4.9.64
linux,linux_kernel,4.9.65
linux,linux_kernel,4.9.66
linux,linux_kernel,4.9.67
linux,linux_kernel,4.9.68
linux,linux_kernel,4.9.69
linux,linux_kernel,4.9.70
linux,linux_kernel,4.9.71
linux,linux_kernel,4.9.72
linux,linux_kernel,4.9.73
linux,linux_kernel,4.9.74
linux,linux_kernel,4.9.75
linux,linux_kernel,4.9.76
linux,linux_kernel,4.9.77
linux,linux_kernel,4.9.78
linux,linux_kernel,4.9.79
linux,linux_kernel,4.9.80
linux,linux_kernel,4.9.81
linux,linux_kernel,4.9.82
linux,linux_kernel,4.9.83
linux,linux_kernel,4.9.84
linux,linux_kernel,4.9.85
linux,linux_kernel,4.9.86
linux,linux_kernel,4.9.87
linux,linux_kernel,4.9.88
linux,linux_kernel,4.9.89
linux,linux_kernel,4.9.90
linux,linux_kernel,4.9.91
linux,linux_kernel,4.9.92
linux,linux_kernel,4.9.93
linux,linux_kernel,4.9.94
linux,linux_kernel,4.9.95
linux,linux_kernel,4.10.16
linux,linux_kernel,4.10.17
linux,linux_kernel,4.11
juniper,junos,12.1x46
juniper,junos,12.1x46
juniper,junos,12.1x46
juniper,junos,12.1x46
juniper,junos,12.1x46
juniper,junos,12.1x46
juniper,junos,12.1x46
juniper,junos,12.1x46
juniper,junos,12.1x46
juniper,junos,12.1x46
juniper,junos,12.1x46
juniper,junos,12.1x46
juniper,junos,12.1x46
juniper,junos,12.3x48
juniper,junos,12.3x48
juniper,junos,12.3x48
juniper,junos,12.3x48
juniper,junos,15.1x49
juniper,junos,15.1x49
juniper,junos,15.1x49
juniper,junos,15.1x49
juniper,junos,15.1x49
juniper,junos,15.1x49
juniper,junos,15.1x49
juniper,junos,15.1x49
juniper,junos,15.1x49
juniper,junos,15.1x49
juniper,junos,15.1x49
juniper,junos,15.1x49
juniper,junos,15.1x49
juniper,junos,15.1x49
juniper,junos,12.1x46
juniper,junos,12.1x46
juniper,junos,12.1x46
juniper,junos,12.1x46
juniper,junos,12.1x46
juniper,junos,12.1x46
juniper,junos,12.1x46
juniper,junos,12.1x46
juniper,junos,12.1x46
juniper,junos,12.1x46
juniper,junos,12.1x46
juniper,junos,12.1x46
juniper,junos,12.1x46
juniper,junos,12.3
juniper,junos,12.3x48
juniper,junos,12.3
juniper,junos,12.3x48
juniper,junos,12.3
juniper,junos,12.3x48
juniper,junos,12.3x48
juniper,junos,12.3
juniper,junos,12.3x48
juniper,junos,12.3x48
juniper,junos,12.3
juniper,junos,12.3x48
juniper,junos,12.3
juniper,junos,12.3x48
juniper,junos,12.3
juniper,junos,12.3x48
juniper,junos,12.3
juniper,junos,12.3x48
juniper,junos,12.3
juniper,junos,12.3
juniper,junos,12.3
juniper,junos,12.3x48
juniper,junos,12.3x48
juniper,junos,12.3
juniper,junos,14.1x53
juniper,junos,14.1x53
juniper,junos,14.1
juniper,junos,14.1x53
juniper,junos,14.1x53
juniper,junos,14.1x53
juniper,junos,14.1
juniper,junos,14.1x53
juniper,junos,14.1
juniper,junos,14.1x53
juniper,junos,14.1x53
juniper,junos,14.1
juniper,junos,14.1x53
juniper,junos,14.1
juniper,junos,14.1x53
juniper,junos,14.1x53
juniper,junos,14.1
juniper,junos,14.1
juniper,junos,14.1x53
juniper,junos,14.1x53
juniper,junos,14.1
juniper,junos,14.1
juniper,junos,14.1x53
juniper,junos,14.1x53
juniper,junos,14.2
juniper,junos,14.2
juniper,junos,14.2
juniper,junos,14.2
juniper,junos,14.2
juniper,junos,14.2
juniper,junos,14.2
juniper,junos,14.2
juniper,junos,15.1x53
juniper,junos,15.1x53
juniper,junos,15.1
juniper,junos,15.1x49
juniper,junos,15.1x53
juniper,junos,15.1
juniper,junos,15.1x53
juniper,junos,15.1x49
juniper,junos,15.1x49
juniper,junos,15.1x49
juniper,junos,15.1x53
juniper,junos,15.1x53
juniper,junos,15.1x53
juniper,junos,15.1x53
juniper,junos,15.1
juniper,junos,15.1x49
juniper,junos,15.1x53
juniper,junos,15.1
juniper,junos,15.1x49
juniper,junos,15.1x49
juniper,junos,15.1x49
juniper,junos,15.1x53
juniper,junos,15.1x53
juniper,junos,15.1x53
juniper,junos,15.1
juniper,junos,15.1x49
juniper,junos,15.1x49
juniper,junos,15.1x53
juniper,junos,15.1x49
juniper,junos,15.1
juniper,junos,15.1x53
juniper,junos,15.1
juniper,junos,15.1x49
juniper,junos,15.1x53
juniper,junos,15.1x53
juniper,junos,15.1x53
juniper,junos,15.1
juniper,junos,15.1x49
juniper,junos,15.1x53
juniper,junos,15.1x49
juniper,junos,15.1
juniper,junos,15.1x53
juniper,junos,15.1x49
juniper,junos,15.1x53
juniper,junos,15.1x53
juniper,junos,15.1x53
juniper,junos,15.1x53
juniper,junos,15.1
juniper,junos,15.1x49
juniper,junos,15.1x53
juniper,junos,15.1x49
juniper,junos,15.1
juniper,junos,15.1x53
juniper,junos,15.1x49
juniper,junos,15.1x53
juniper,junos,15.1x53
juniper,junos,16.1x65
juniper,junos,16.1
juniper,junos,16.1x65
juniper,junos,16.1
juniper,junos,16.1
juniper,junos,16.1x65
juniper,junos,16.1
juniper,junos,16.1x70
juniper,junos,16.1
juniper,junos,16.2
juniper,junos,16.2
juniper,junos,16.2
juniper,junos,17.1
juniper,junos,17.1
juniper,junos,17.1
juniper,junos,17.2
juniper,junos,17.2
juniper,junos,14.1x53
juniper,junos,14.1x53
juniper,junos,14.1x53
juniper,junos,14.1x53
juniper,junos,14.1x53
juniper,junos,14.1x53
juniper,junos,14.1x53
juniper,junos,14.1x53
juniper,junos,14.1x53
juniper,junos,14.1x53
juniper,junos,14.1x53
juniper,junos,14.1x53
juniper,junos,14.1x53
juniper,junos,14.1x53
juniper,junos,15.1x49
juniper,junos,15.1x53
juniper,junos,15.1x53
juniper,junos,15.1x49
juniper,junos,15.1x49
juniper,junos,15.1
juniper,junos,15.1x53
juniper,junos,15.1x53
juniper,junos,15.1x53
juniper,junos,15.1
juniper,junos,15.1x49
juniper,junos,15.1x53
juniper,junos,15.1x53
juniper,junos,15.1
juniper,junos,15.1x49
juniper,junos,15.1x49
juniper,junos,15.1x53
juniper,junos,15.1x53
juniper,junos,15.1
juniper,junos,15.1x53
juniper,junos,15.1x53
juniper,junos,15.1
juniper,junos,15.1x49
juniper,junos,15.1x49
juniper,junos,15.1x49
juniper,junos,15.1x53
juniper,junos,15.1x53
juniper,junos,15.1x53
juniper,junos,15.1
juniper,junos,15.1x53
juniper,junos,15.1x53
juniper,junos,15.1
juniper,junos,15.1x49
juniper,junos,15.1x49
juniper,junos,15.1x49
juniper,junos,15.1x53
juniper,junos,15.1x53
juniper,junos,15.1x53
juniper,junos,15.1x49
juniper,junos,15.1
juniper,junos,15.1x53
juniper,junos,15.1x53
juniper,junos,15.1
juniper,junos,15.1x53
juniper,junos,15.1x49
juniper,junos,15.1x49
juniper,junos,15.1x53
juniper,junos,15.1x49
juniper,junos,15.1x53
juniper,junos,15.1x49
juniper,junos,15.1
juniper,junos,15.1x53
juniper,junos,15.1x53
juniper,junos,15.1x53
juniper,junos,15.1
juniper,junos,15.1x49
juniper,junos,16.1
juniper,junos,16.1x65
juniper,junos,16.1
juniper,junos,16.1
juniper,junos,16.1
juniper,junos,16.1
juniper,junos,16.1x65
juniper,junos,16.1
juniper,junos,16.1x65
juniper,junos,16.2
juniper,junos,16.2
juniper,junos,16.2
juniper,junos,17.1
juniper,junos,17.1
juniper,junos,17.1
juniper,junos,17.2
juniper,junos,17.2x75
juniper,junos,17.2
juniper,junos,17.2
juniper,junos,16.1x65
juniper,junos,16.1x65
juniper,junos,16.1x65
juniper,junos,16.1x65
juniper,junos,17.2x75
juniper,junos,17.3
juniper,junos,17.3
juniper,junos,17.4
juniper,junos,17.4
juniper,junos,12.3
juniper,junos,12.3
juniper,junos,12.3x48
juniper,junos,12.3x48
juniper,junos,12.3
juniper,junos,12.3
juniper,junos,12.3x48
juniper,junos,12.3x48
juniper,junos,12.3
juniper,junos,12.3
juniper,junos,12.3x48
juniper,junos,12.3x48
juniper,junos,12.3x48
juniper,junos,12.3
juniper,junos,12.3
juniper,junos,12.3x48
juniper,junos,12.3
juniper,junos,12.3x48
juniper,junos,12.3x48
juniper,junos,12.3
juniper,junos,12.3
juniper,junos,12.3x48
juniper,junos,12.3
juniper,junos,12.3
juniper,junos,12.3x48
juniper,junos,12.3x48
juniper,junos,14.1x53
juniper,junos,14.1x53
juniper,junos,14.1x53
juniper,junos,14.1x53
juniper,junos,14.1x53
juniper,junos,14.1x53
juniper,junos,14.1x53
juniper,junos,14.1x53
juniper,junos,14.1x53
juniper,junos,14.1x53
juniper,junos,14.1x53
juniper,junos,14.1x53
juniper,junos,14.1x53
juniper,junos,14.1x53
juniper,junos,14.1x53
juniper,junos,14.1x53
juniper,junos,14.1x53
juniper,junos,14.1x53
juniper,junos,15.1x53
juniper,junos,15.1x53
juniper,junos,15.1x49
juniper,junos,15.1
juniper,junos,15.1x53
juniper,junos,15.1x53
juniper,junos,15.1x49
juniper,junos,15.1
juniper,junos,15.1x53
juniper,junos,15.1x49
juniper,junos,15.1x53
juniper,junos,15.1x53
juniper,junos,15.1x49
juniper,junos,15.1
juniper,junos,15.1x53
juniper,junos,15.1x53
juniper,junos,15.1x49
juniper,junos,15.1
juniper,junos,15.1x53
juniper,junos,15.1x49
juniper,junos,15.1x53
juniper,junos,15.1x53
juniper,junos,15.1
juniper,junos,15.1x53
juniper,junos,15.1x49
juniper,junos,15.1x49
juniper,junos,15.1x53
juniper,junos,15.1x53
juniper,junos,15.1x49
juniper,junos,15.1
juniper,junos,15.1x53
juniper,junos,15.1x49
juniper,junos,15.1x53
juniper,junos,15.1
juniper,junos,15.1x53
juniper,junos,15.1x49
juniper,junos,15.1x49
juniper,junos,15.1x53
juniper,junos,15.1x53
juniper,junos,15.1x49
juniper,junos,15.1
juniper,junos,15.1x49
juniper,junos,15.1
juniper,junos,15.1x53
juniper,junos,15.1x53
juniper,junos,15.1x53
juniper,junos,15.1x53
juniper,junos,15.1x49
juniper,junos,15.1x53
juniper,junos,15.1x53
juniper,junos,15.1x49
juniper,junos,15.1
juniper,junos,15.1
juniper,junos,15.1x53
juniper,junos,15.1x53
juniper,junos,15.1x49
juniper,junos,15.1x53
juniper,junos,15.1x53
juniper,junos,15.1x49
juniper,junos,16.1
juniper,junos,16.1
juniper,junos,16.1
juniper,junos,16.1
juniper,junos,16.1
juniper,junos,16.1
juniper,junos,16.1
juniper,junos,16.1
juniper,junos,16.2
juniper,junos,16.2
juniper,junos,16.2
juniper,junos,16.2
juniper,junos,17.1
juniper,junos,17.1
juniper,junos,17.1
juniper,junos,17.1
juniper,junos,17.2
juniper,junos,17.2
juniper,junos,17.2
juniper,junos,17.2
juniper,junos,17.3
juniper,junos,17.3
juniper,junos,17.3
juniper,junos,17.3
juniper,junos,17.4
juniper,junos,17.4
juniper,junos,17.4
juniper,junos,15.1
juniper,junos,15.1
juniper,junos,15.1
juniper,junos,15.1
juniper,junos,15.1
juniper,junos,15.1
juniper,junos,15.1
juniper,junos,15.1
juniper,junos,12.1x46
juniper,junos,12.1x46
juniper,junos,12.1x46
juniper,junos,12.1x46
juniper,junos,12.1x46
juniper,junos,12.1x46
juniper,junos,12.1x46
juniper,junos,12.1x46
juniper,junos,12.1x46
juniper,junos,12.1x46
juniper,junos,12.1x46
juniper,junos,12.3
juniper,junos,12.3x48
juniper,junos,12.3x48
juniper,junos,12.3
juniper,junos,12.3x48
juniper,junos,12.3
juniper,junos,12.3x48
juniper,junos,12.3x48
juniper,junos,12.3
juniper,junos,12.3x48
juniper,junos,12.3x48
juniper,junos,12.3
juniper,junos,12.3x48
juniper,junos,12.3
juniper,junos,12.3x48
juniper,junos,12.3x48
juniper,junos,12.3
juniper,junos,12.3x48
juniper,junos,12.3
juniper,junos,12.3x48
juniper,junos,12.3
juniper,junos,12.3x48
juniper,junos,12.3
juniper,junos,12.3x48
juniper,junos,12.3
juniper,junos,12.3
juniper,junos,14.1x53
juniper,junos,14.1x53
juniper,junos,14.1x53
juniper,junos,14.1x53
juniper,junos,14.1x53
juniper,junos,14.1x53
juniper,junos,14.1x53
juniper,junos,14.1x53
juniper,junos,14.1x53
juniper,junos,14.1x53
juniper,junos,14.1x53
juniper,junos,14.1x53
juniper,junos,14.1x53
juniper,junos,14.1x53
juniper,junos,14.1x53
juniper,junos,14.1x53
juniper,junos,14.1x53
juniper,junos,14.1x53
juniper,junos,15.1
juniper,junos,15.1x53
juniper,junos,15.1x49
juniper,junos,15.1x53
juniper,junos,15.1
juniper,junos,15.1x49
juniper,junos,15.1x53
juniper,junos,15.1x49
juniper,junos,15.1x53
juniper,junos,15.1x49
juniper,junos,15.1x53
juniper,junos,15.1
juniper,junos,15.1x53
juniper,junos,15.1x49
juniper,junos,15.1x53
juniper,junos,15.1
juniper,junos,15.1x53
juniper,junos,15.1x53
juniper,junos,15.1x53
juniper,junos,15.1x49
juniper,junos,15.1x53
juniper,junos,15.1x49
juniper,junos,15.1x53
juniper,junos,15.1
juniper,junos,15.1x53
juniper,junos,15.1
juniper,junos,15.1x53
juniper,junos,15.1x53
juniper,junos,15.1x53
juniper,junos,15.1x49
juniper,junos,15.1x53
juniper,junos,15.1x49
juniper,junos,15.1x53
juniper,junos,15.1x49
juniper,junos,15.1x53
juniper,junos,15.1
juniper,junos,15.1x53
juniper,junos,15.1x53
juniper,junos,15.1x49
juniper,junos,15.1x53
juniper,junos,15.1x49
juniper,junos,15.1x53
juniper,junos,15.1x53
juniper,junos,15.1x49
juniper,junos,15.1x53
juniper,junos,15.1x49
juniper,junos,15.1
juniper,junos,15.1x53
juniper,junos,15.1x49
juniper,junos,15.1x53
juniper,junos,15.1x49
juniper,junos,15.1x53
juniper,junos,15.1x49
juniper,junos,15.1x53
juniper,junos,15.1x49
juniper,junos,15.1x53
juniper,junos,16.1
juniper,junos,16.1
juniper,junos,16.1x65
juniper,junos,16.1x65
juniper,junos,16.1x65
juniper,junos,16.1
juniper,junos,16.2
juniper,junos,16.2
juniper,junos,17.1
juniper,junos,17.2x75
juniper,junos,17.3
juniper,junos,17.4
juniper,junos,12.1x46
juniper,junos,12.1x46
juniper,junos,12.1x46
juniper,junos,12.1x46
juniper,junos,12.1x46
juniper,junos,12.1x46
juniper,junos,12.1x46
juniper,junos,12.1x46
juniper,junos,12.1x46
juniper,junos,12.1x46
juniper,junos,12.1x46
juniper,junos,12.1x46
juniper,junos,12.3
juniper,junos,12.3x48
juniper,junos,12.3
juniper,junos,12.3x48
juniper,junos,12.3
juniper,junos,12.3x48
juniper,junos,12.3
juniper,junos,12.3x48
juniper,junos,12.3
juniper,junos,12.3x48
juniper,junos,12.3
juniper,junos,12.3x48
juniper,junos,12.3
juniper,junos,12.3x48
juniper,junos,12.3x48
juniper,junos,12.3
juniper,junos,12.3x48
juniper,junos,12.3
juniper,junos,12.3x48
juniper,junos,12.3
juniper,junos,12.3x48
juniper,junos,12.3
juniper,junos,12.3x48
juniper,junos,15.1x53
juniper,junos,15.1x53
juniper,junos,15.1
juniper,junos,15.1x49
juniper,junos,15.1x53
juniper,junos,15.1x49
juniper,junos,15.1x53
juniper,junos,15.1x53
juniper,junos,15.1
juniper,junos,15.1x53
juniper,junos,15.1x49
juniper,junos,15.1x53
juniper,junos,15.1
juniper,junos,15.1x53
juniper,junos,15.1x49
juniper,junos,15.1x53
juniper,junos,15.1x49
juniper,junos,15.1x53
juniper,junos,15.1x53
juniper,junos,15.1x49
juniper,junos,15.1x53
juniper,junos,15.1x49
juniper,junos,15.1x49
juniper,junos,15.1x53
juniper,junos,15.1
juniper,junos,15.1x53
juniper,junos,15.1x53
juniper,junos,15.1x49
juniper,junos,15.1x53
juniper,junos,15.1x53
juniper,junos,15.1x49
juniper,junos,15.1x53
juniper,junos,15.1x49
juniper,junos,15.1
juniper,junos,15.1x53
juniper,junos,15.1x49
juniper,junos,15.1x49
juniper,junos,15.1x53
juniper,junos,15.1x53
juniper,junos,15.1x49
juniper,junos,15.1x53
juniper,junos,15.1x49
juniper,junos,15.1
juniper,junos,15.1x53
juniper,junos,15.1x49
juniper,junos,15.1x53
juniper,junos,15.1x53
juniper,junos,15.1
juniper,junos,15.1x49
juniper,junos,15.1x53
juniper,junos,15.1x49
juniper,junos,15.1x53
juniper,junos,15.1
juniper,junos,15.1x53
juniper,junos,15.1x49
juniper,junos,16.1
juniper,junos,16.1
juniper,junos,16.1
juniper,junos,16.1
juniper,junos,16.2
juniper,junos,16.2
juniper,junos,17.1
juniper,junos,17.2
juniper,junos,17.2
juniper,junos,17.2
juniper,junos,17.3
juniper,junos,17.3
juniper,junos,17.4
juniper,junos,18.1
juniper,junos,18.1
juniper,junos,14.1x53
juniper,junos,14.1
juniper,junos,14.1x53
juniper,junos,14.1x53
juniper,junos,14.1x53
juniper,junos,14.1x53
juniper,junos,14.1
juniper,junos,14.1x53
juniper,junos,14.1
juniper,junos,14.1x53
juniper,junos,14.1x53
juniper,junos,14.1
juniper,junos,14.1x53
juniper,junos,14.1
juniper,junos,14.1x53
juniper,junos,14.1x53
juniper,junos,14.1
juniper,junos,14.1x53
juniper,junos,14.1
juniper,junos,14.1x53
juniper,junos,14.1
juniper,junos,14.1x53
juniper,junos,14.1x53
juniper,junos,14.1
juniper,junos,14.1x53
juniper,junos,14.1x53
juniper,junos,14.1x53
juniper,junos,14.2
juniper,junos,14.2
juniper,junos,14.2
juniper,junos,14.2
juniper,junos,12.1x46
juniper,junos,12.1x46
juniper,junos,12.1x46
juniper,junos,12.1x46
juniper,junos,12.1x46
juniper,junos,12.1x46
juniper,junos,12.1x46
juniper,junos,12.1x46
juniper,junos,12.1x46
juniper,junos,12.1x46
juniper,junos,12.1x46
juniper,junos,12.1x46
juniper,junos,12.1x46
juniper,junos,12.3x48
juniper,junos,12.3x48
juniper,junos,12.3x48
juniper,junos,12.3x48
juniper,junos,12.3x48
juniper,junos,12.3x48
juniper,junos,12.3x48
juniper,junos,12.3x48
juniper,junos,12.3x48
juniper,junos,12.3x48
juniper,junos,12.3x48
juniper,junos,12.3x48
juniper,junos,12.3x48
juniper,junos,15.1x49
juniper,junos,15.1x49
juniper,junos,15.1x49
juniper,junos,15.1
juniper,junos,15.1x49
juniper,junos,15.1
juniper,junos,15.1x49
juniper,junos,15.1x49
juniper,junos,15.1x49
juniper,junos,15.1
juniper,junos,15.1x49
juniper,junos,15.1x49
juniper,junos,15.1x49
juniper,junos,15.1
juniper,junos,15.1x49
juniper,junos,15.1x49
juniper,junos,15.1x49
juniper,junos,15.1
juniper,junos,15.1x49
juniper,junos,15.1x49
juniper,junos,15.1x49
juniper,junos,15.1x49
juniper,junos,15.1
juniper,junos,15.1x49
juniper,junos,16.1
juniper,junos,16.1
juniper,junos,16.1
juniper,junos,16.1
juniper,junos,16.1
juniper,junos,16.1
juniper,junos,16.1
juniper,junos,16.2
juniper,junos,16.2
juniper,junos,16.2
juniper,junos,17.1
juniper,junos,17.1
juniper,junos,17.1
juniper,junos,17.1
juniper,junos,17.2
juniper,junos,17.2
juniper,junos,17.2
juniper,junos,17.2
juniper,junos,17.3
juniper,junos,17.3
juniper,junos,17.3
juniper,junos,17.4
juniper,junos,17.4
juniper,junos,15.1x53
juniper,junos,15.1x53
juniper,junos,15.1
juniper,junos,15.1x49
juniper,junos,15.1
juniper,junos,15.1x53
juniper,junos,15.1x49
juniper,junos,15.1x49
juniper,junos,15.1x53
juniper,junos,15.1x49
juniper,junos,15.1x53
juniper,junos,15.1x53
juniper,junos,15.1x53
juniper,junos,15.1
juniper,junos,15.1x49
juniper,junos,15.1
juniper,junos,15.1x53
juniper,junos,15.1x49
juniper,junos,15.1x49
juniper,junos,15.1x53
juniper,junos,15.1x49
juniper,junos,15.1x53
juniper,junos,15.1x49
juniper,junos,15.1x53
juniper,junos,15.1
juniper,junos,15.1x53
juniper,junos,15.1
juniper,junos,15.1x53
juniper,junos,15.1x53
juniper,junos,15.1x49
juniper,junos,15.1x53
juniper,junos,15.1x49
juniper,junos,15.1x53
juniper,junos,15.1x49
juniper,junos,15.1x53
juniper,junos,15.1
juniper,junos,15.1x53
juniper,junos,15.1
juniper,junos,15.1x53
juniper,junos,15.1x49
juniper,junos,15.1x53
juniper,junos,15.1x49
juniper,junos,15.1x53
juniper,junos,15.1x53
juniper,junos,15.1
juniper,junos,15.1x53
juniper,junos,15.1x49
juniper,junos,15.1
juniper,junos,15.1x53
juniper,junos,15.1x53
juniper,junos,15.1x49
juniper,junos,15.1
juniper,junos,15.1x53
juniper,junos,15.1x49
juniper,junos,15.1x53
juniper,junos,15.1x49
juniper,junos,15.1x53
juniper,junos,15.1x49
juniper,junos,15.1x53
juniper,junos,16.1
juniper,junos,16.1
juniper,junos,16.1
juniper,junos,16.1
juniper,junos,16.2
juniper,junos,16.2
juniper,junos,17.1
juniper,junos,17.1
juniper,junos,17.2
juniper,junos,17.2
juniper,junos,17.3
juniper,junos,17.3
juniper,junos,17.3
juniper,junos,17.4
juniper,junos,18.2x75
juniper,junos,18.2
juniper,junos,12.1x46
juniper,junos,12.1x46
juniper,junos,12.1x46
juniper,junos,12.1x46
juniper,junos,12.1x46
juniper,junos,12.1x46
juniper,junos,12.1x46
juniper,junos,12.1x46
juniper,junos,12.1x46
juniper,junos,12.3x48
juniper,junos,12.3x48
juniper,junos,12.3x48
juniper,junos,12.3x48
juniper,junos,14.1x53
juniper,junos,14.1x53
juniper,junos,14.1x53
juniper,junos,14.1x53
juniper,junos,14.1x53
juniper,junos,14.1x53
juniper,junos,14.1x53
juniper,junos,14.1x53
juniper,junos,14.1x53
juniper,junos,15.1x53
juniper,junos,15.1x53
juniper,junos,15.1
juniper,junos,15.1x53
juniper,junos,15.1x53
juniper,junos,15.1x53
juniper,junos,15.1x49
juniper,junos,15.1x53
juniper,junos,15.1x53
juniper,junos,15.1x53
juniper,junos,15.1
juniper,junos,15.1x53
juniper,junos,15.1x53
juniper,junos,15.1
juniper,junos,15.1x53
juniper,junos,15.1x53
juniper,junos,15.1x49
juniper,junos,15.1x53
juniper,junos,15.1x53
juniper,junos,15.1
juniper,junos,15.1x53
juniper,junos,15.1x53
juniper,junos,15.1
juniper,junos,15.1x49
juniper,junos,15.1x53
juniper,junos,15.1x53
juniper,junos,15.1
juniper,junos,15.1x53
juniper,junos,15.1x53
juniper,junos,15.1
juniper,junos,15.1x49
juniper,junos,15.1x53
juniper,junos,15.1x53
juniper,junos,15.1
juniper,junos,15.1x53
juniper,junos,15.1x53
juniper,junos,15.1
juniper,junos,15.1x53
juniper,junos,15.1x53
juniper,junos,15.1x53
juniper,junos,15.1
juniper,junos,15.1x53
juniper,junos,12.1x46
juniper,junos,12.1x46
juniper,junos,12.1x46
juniper,junos,12.1x46
juniper,junos,12.1x46
juniper,junos,12.1x46
juniper,junos,12.1x46
juniper,junos,12.1x46
juniper,junos,12.1x46
juniper,junos,12.1x46
juniper,junos,12.1x46
juniper,junos,12.1x46
juniper,junos,12.1x46
juniper,junos,12.3
juniper,junos,12.3x48
juniper,junos,12.3
juniper,junos,12.3x48
juniper,junos,12.3
juniper,junos,12.3x48
juniper,junos,12.3x48
juniper,junos,12.3
juniper,junos,12.3x48
juniper,junos,12.3
juniper,junos,12.3x48
juniper,junos,12.3
juniper,junos,12.3x48
juniper,junos,12.3
juniper,junos,12.3x48
juniper,junos,12.3
juniper,junos,12.3x48
juniper,junos,12.3
juniper,junos,12.3x48
juniper,junos,12.3
juniper,junos,12.3x48
juniper,junos,12.3
juniper,junos,12.3x48
juniper,junos,15.1x53
juniper,junos,15.1x49
juniper,junos,15.1x53
juniper,junos,15.1
juniper,junos,15.1x49
juniper,junos,15.1x53
juniper,junos,15.1x49
juniper,junos,15.1x53
juniper,junos,15.1
juniper,junos,15.1x53
juniper,junos,15.1x53
juniper,junos,15.1x49
juniper,junos,15.1x53
juniper,junos,15.1
juniper,junos,15.1x49
juniper,junos,15.1x53
juniper,junos,15.1x49
juniper,junos,15.1x53
juniper,junos,15.1
juniper,junos,15.1x53
juniper,junos,15.1x53
juniper,junos,15.1x49
juniper,junos,15.1x53
juniper,junos,15.1
juniper,junos,15.1x49
juniper,junos,15.1
juniper,junos,15.1x53
juniper,junos,15.1x49
juniper,junos,15.1x53
juniper,junos,15.1
juniper,junos,15.1x53
juniper,junos,15.1x53
juniper,junos,15.1x49
juniper,junos,15.1x53
juniper,junos,15.1
juniper,junos,15.1
juniper,junos,15.1x53
juniper,junos,15.1x49
juniper,junos,15.1x49
juniper,junos,15.1
juniper,junos,15.1x53
juniper,junos,15.1x53
juniper,junos,15.1x53
juniper,junos,15.1x49
juniper,junos,15.1x53
juniper,junos,15.1
juniper,junos,15.1
juniper,junos,15.1x53
juniper,junos,15.1x49
juniper,junos,15.1x53
juniper,junos,15.1x49
juniper,junos,15.1x49
juniper,junos,15.1x53
juniper,junos,15.1x49
juniper,junos,15.1x53
juniper,junos,15.1x53
juniper,junos,15.1
juniper,junos,15.1x53
juniper,junos,16.1
juniper,junos,16.1
juniper,junos,16.1
juniper,junos,16.1
juniper,junos,16.1
juniper,junos,16.1
juniper,junos,16.2
juniper,junos,16.2
juniper,junos,16.2
juniper,junos,17.1
juniper,junos,17.1
juniper,junos,17.1
juniper,junos,17.2
juniper,junos,17.2
juniper,junos,17.2
juniper,junos,17.3
juniper,junos,17.3
cisco,wireless_lan_controller_software,7.4.1.1
cisco,wireless_lan_controller_software,7.4.1.19
cisco,wireless_lan_controller_software,7.4.100.60
cisco,wireless_lan_controller_software,7.6.1.62
cisco,wireless_lan_controller_software,7.6.110.0
cisco,wireless_lan_controller_software,7.6.120.0
cisco,wireless_lan_controller_software,7.6.130.0
cisco,wireless_lan_controller_software,8.0.72.140
cisco,wireless_lan_controller_software,8.0.100
cisco,wireless_lan_controller_software,8.0.115.0
cisco,wireless_lan_controller_software,8.0.120.0
cisco,wireless_lan_controller_software,8.1.0
cisco,wireless_lan_controller_software,8.1.104.37
cisco,wireless_lan_controller_software,8.1.111.0
cisco,wireless_lan_controller_software,8.1.122.0
cisco,meeting_server,2.2.5
cisco,meeting_server,2.2.8
